{
  "overall": {
    "accuracy": 0.8698884758364313,
    "precision": 0.8727662456610252,
    "recall": 0.8698884758364313,
    "f1_score": 0.869521838243797,
    "csi": 0.7769207004076361
  },
  "confusion_matrix": {
    "classes": [
      "Black Soil",
      "Cinder Soil",
      "Laterite Soil",
      "Loam Soil",
      "Peat Soil",
      "Yellow Soil"
    ],
    "matrix": [
      [
        40,
        2,
        2,
        0,
        1,
        0
      ],
      [
        1,
        41,
        1,
        0,
        1,
        1
      ],
      [
        1,
        1,
        34,
        0,
        5,
        4
      ],
      [
        0,
        0,
        0,
        45,
        0,
        0
      ],
      [
        0,
        0,
        1,
        1,
        41,
        2
      ],
      [
        0,
        1,
        4,
        0,
        6,
        33
      ]
    ]
  },
  "roc_auc": {
    "Black Soil": {
      "fpr": [
        0.0,
        0.008928571428571428,
        0.05803571428571429,
        0.08928571428571429,
        1.0
      ],
      "tpr": [
        0.0,
        0.8888888888888888,
        0.9111111111111111,
        0.9555555555555556,
        1.0
      ],
      "auc": 0.9678075396825397
    },
    "Cinder Soil": {
      "fpr": [
        0.0,
        0.017857142857142856,
        0.026785714285714284,
        0.07589285714285714,
        0.08035714285714286,
        0.11160714285714286,
        0.15178571428571427,
        1.0
      ],
      "tpr": [
        0.0,
        0.9111111111111111,
        0.9111111111111111,
        0.9333333333333333,
        0.9333333333333333,
        0.9333333333333333,
        0.9333333333333333,
        1.0
      ],
      "auc": 0.9523313492063492
    },
    "Laterite Soil": {
      "fpr": [
        0.0,
        0.0,
        0.008928571428571428,
        0.008928571428571428,
        0.013392857142857142,
        0.017857142857142856,
        0.03571428571428571,
        0.049107142857142856,
        0.08482142857142858,
        0.10267857142857142,
        0.20089285714285715,
        1.0
      ],
      "tpr": [
        0.0,
        0.3333333333333333,
        0.4888888888888889,
        0.5111111111111111,
        0.6222222222222222,
        0.7555555555555555,
        0.7555555555555555,
        0.7555555555555555,
        0.8444444444444444,
        0.9111111111111111,
        0.9111111111111111,
        1.0
      ],
      "auc": 0.9302083333333332
    },
    "Loam Soil": {
      "fpr": [
        0.0,
        0.004464285714285714,
        1.0
      ],
      "tpr": [
        0.0,
        1.0,
        1.0
      ],
      "auc": 0.9977678571428572
    },
    "Peat Soil": {
      "fpr": [
        0.0,
        0.022321428571428572,
        0.022321428571428572,
        0.022321428571428572,
        0.04017857142857143,
        0.07589285714285714,
        0.09821428571428571,
        0.125,
        0.16517857142857142,
        0.19642857142857142,
        0.29017857142857145,
        1.0
      ],
      "tpr": [
        0.0,
        0.7555555555555555,
        0.7777777777777778,
        0.8222222222222222,
        0.8222222222222222,
        0.9111111111111111,
        0.9333333333333333,
        0.9555555555555556,
        0.9555555555555556,
        0.9555555555555556,
        0.9777777777777777,
        1.0
      ],
      "auc": 0.960763888888889
    },
    "Yellow Soil": {
      "fpr": [
        0.0,
        0.008888888888888889,
        0.013333333333333334,
        0.013333333333333334,
        0.03111111111111111,
        0.07555555555555556,
        0.10222222222222223,
        0.10666666666666667,
        0.1111111111111111,
        1.0
      ],
      "tpr": [
        0.0,
        0.13636363636363635,
        0.6136363636363636,
        0.6818181818181818,
        0.75,
        0.7954545454545454,
        0.8181818181818182,
        0.8181818181818182,
        0.8863636363636364,
        1.0
      ],
      "auc": 0.9166666666666665
    }
  },
  "training_history": {
    "epochs": [
      1,
      2,
      3,
      4,
      5,
      6,
      7,
      8,
      9,
      10
    ],
    "accuracy": [
      1.0,
      1.0,
      1.0,
      1.0,
      0.9936102236421726,
      1.0,
      0.9874572405929305,
      0.9960079840319361,
      0.9503105590062112,
      0.9529130087789306
    ],
    "loss": [
      0.0,
      0.0,
      0.0,
      0.0,
      0.006389776357827448,
      0.0,
      0.012542759407069504,
      0.003992015968063867,
      0.0496894409937888,
      0.04708699122106941
    ],
    "val_accuracy": [
      0.16791044776119404,
      0.2947761194029851,
      0.3208955223880597,
      0.4552238805970149,
      0.48507462686567165,
      0.6492537313432836,
      0.6716417910447762,
      0.7649253731343284,
      0.8470149253731343,
      0.8917910447761194
    ],
    "val_loss": [
      0.832089552238806,
      0.7052238805970149,
      0.6791044776119404,
      0.5447761194029851,
      0.5149253731343284,
      0.35074626865671643,
      0.32835820895522383,
      0.2350746268656716,
      0.15298507462686572,
      0.10820895522388063
    ]
  }
}